model,f1,precision,recall,roc_auc,pr_auc
LogisticRegression with duration,0.5522720050842073,0.4159885112494016,0.8213610586011342,0.907480012008895,0.5442658524231639
