model,threshold,f1,precision,recall,roc_auc,pr_auc
HistGradientBoosting,0.21,0.5038031319910514,0.47833474936278675,0.5321361058601134,0.8056984208339597,0.4808749954353839
